{
  "method": "wanda",
  "model": "meta-llama/Llama-2-7b-hf",
  "dtype": "float16",
  "device": "cuda",
  "sequence_length": 512,
  "perplexity_stride": null,
  "max_eval_tokens": 2048,
  "target_sparsity": 0.5,
  "nsamples": 8,
  "seed": 0,
  "batch_size": 1,
  "dense_perplexity": 5.526312232765223,
  "pruned_perplexity": 8.417027289702553,
  "delta_perplexity": 2.8907150569373297,
  "num_pruned_layers": 225,
  "model_load_seconds": 9.538366317749023,
  "calibration_build_seconds": 6.943570137023926,
  "dense_eval_seconds": 2.857267141342163,
  "activation_collection_seconds": 1.1425464153289795,
  "prune_seconds": 29.993638038635254,
  "pruned_eval_seconds": 3.7198596000671387,
  "total_seconds": 79.56787776947021,
  "linear_total_params": 6607077376,
  "linear_nonzero_params": 3303538688,
  "linear_zero_params": 3303538688,
  "linear_sparsity": 0.5
}