{
  "method": "wanda",
  "model": "meta-llama/Llama-2-7b-hf",
  "dtype": "float16",
  "device": "cuda",
  "sequence_length": 2048,
  "perplexity_stride": null,
  "max_eval_tokens": null,
  "target_sparsity": 0.5,
  "nsamples": 128,
  "seed": 0,
  "batch_size": 1,
  "dense_perplexity": 5.584498934215779,
  "pruned_perplexity": 8.328644246447729,
  "delta_perplexity": 2.7441453122319492,
  "num_pruned_layers": 225,
  "model_load_seconds": 9.435093641281128,
  "calibration_build_seconds": 7.1437647342681885,
  "dense_eval_seconds": 73.74150204658508,
  "activation_collection_seconds": 62.92104625701904,
  "prune_seconds": 11.65563178062439,
  "pruned_eval_seconds": 2546.626358985901,
  "total_seconds": 2721.7243728637695,
  "linear_total_params": 6607077376,
  "linear_nonzero_params": 3303538688,
  "linear_zero_params": 3303538688,
  "linear_sparsity": 0.5
}